District Court Judges,,,,,,,,,,,,,,,,,,
,,,,,,,,,,,,,,,,,,
,,,,,,,,,,,,,,,,,,
State and Court,Court Abbreviation,Judge Name,Appointment Year,Appointing President,Partisanship,Birth Year,Age,Years Served,Rule of 80,Eligible for Senior Status,Date Eligibile for Senior Status,Senior Status,Announce Retirement,Confirmation Vote,Chief,Link to Vote,Court Website,Notes
District of Maine,ME,Jon David Levy,2014,Obama,D,1954,69,9,78,No,2025,No,No,75-20,Yes,https://www.senate.gov/legislative/LIS/roll_call_votes/vote1132/vote_113_2_00123.htm,,
District of Maine,ME,Nancy Torresen,2011,Obama,D,1959,64,12,76,No,2027,No,No,UC,No,,,
District of Maine,ME,Lance E. Walker,2018,Trump,R,1972,51,5,56,No,2047,No,No,Voice Vote,No,https://www.congress.gov/nomination/115th-congress/1810?q=%7B%22search%22%3A%5B%22Lance+Walker%22%5D%7D&s=1&r=7,,
District of Connecticut,CT,Michael P. Shea,2012,Obama,D,1967,56,11,67,No,2036,No,No,,Yes,,,
District of Connecticut,CT,Jeffrey Meyer,2014,Obama,D,1963,60,9,69,No,2034,No,No,,No,,,
District of Connecticut,CT,Victor Allen Bolden,2014,Obama,D,1965,58,9,67,No,2036,No,No,,No,,,
District of Connecticut,CT,Kari A. Dooley,2018,Trump,R,1963,60,5,65,No,2038,No,No,,No,,,
District of Connecticut,CT,Sarala Nagala,2021,BIden,D,1983,40,2,42,No,2061,No,No,52-46,No,https://www.senate.gov/legislative/LIS/roll_call_votes/vote1171/vote_117_1_00436.htm,,
District of Connecticut,CT,Omar A. Williams,2021,Biden,D,1977,46,2,48,No,2055,No,No,52-46,No,https://www.senate.gov/legislative/LIS/roll_call_votes/vote1171/vote_117_1_00442.htm,,
District of Connecticut,CT,Vernon D. Oliver,2023,Biden,D,1971,52,0,52,No,2051,No,No,53-44,No,https://www.senate.gov/legislative/LIS/roll_call_votes/vote1181/vote_118_1_00230.htm,,
District of Massachusetts,MA,F. Dennis Saylor IV,2004,G.W. Bush,R,1955,68,19,87,Yes,2020,No,No,,Yes,,,
District of Massachusetts,MA,Nathaniel M. Gorton,1992,G.H.W. Bush,R,1938,85,31,116,Yes,2003,No,No,,No,,,
District of Massachusetts,MA,Patti B. Saris,1993,Clinton,D,1951,72,30,102,Yes,2016,No,Yes,,No,,,
District of Massachusetts,MA,Richard G. Stearns,1993,Clinton,D,1944,79,30,109,Yes,2009,No,No,,No,,,
District of Massachusetts,MA,Denise J. Casper,2010,Obama,D,1968,55,13,68,No,2035,No,No,,No,,,
District of Massachusetts,MA,Indira Talwani,2014,Obama,D,1960,63,9,72,No,2031,No,No,,No,,,
District of Massachusetts,MA,Mark G. Mastroianni,2014,Obama,D,1964,59,9,68,No,2035,No,No,,No,,,
District of Massachusetts,MA,Leo T. Sorokin,2014,Obama,D,1961,62,9,71,No,2032,No,No,,No,,,
District of Massachusetts,MA,Allison D. Burroughs,2014,Obama,D,1961,62,9,71,No,2032,No,No,,No,,,
District of Massachusetts,MA,Angel Kelley,2021,Biden,D,1967,56,2,58,No,2045,No,No,52-44,No,https://www.senate.gov/legislative/LIS/roll_call_votes/vote1171/vote_117_1_00364.htm#position,,
District of Massachusetts,MA,Margaret R. Guzman,2023,Biden,D,1960,63,0,63,No,2040,No,No,,No,,,
District of Massachusetts,MA,Myong J. Joun,2023,Biden,D,1971,52,0,52,No,2051,No,No,,No,,,
District of Massachusetts,MA,Julia Kobick,2023,Biden,D,1983,40,0,40,No,2063,No,No,,No,,,
District of Rhode Island,RI,"John J. McConnell, Jr.",2011,Obama,D,1958,65,12,77,No,2026,No,No,50-44,Yes,https://www.senate.gov/legislative/LIS/roll_call_votes/vote1121/vote_112_1_00066.htm,https://www.rid.uscourts.gov/judges/john-j-mcconnell-jr,
District of Rhode Island,RI,William E. Smith,2002,Bush,R,1959,64,21,85,No,2024,No,Yes,,No,,,
District of Rhode Island,RI,Mary S. McElroy,2019,Trump,R,1965,58,4,62,No,2041,No,No,Voice Vote,No,,,
District of New Hampshire,NH,Landya B. McCafferty,2013,Obama,D,1962,61,10,71,No,2032,No,No,79–19,Yes,https://www.senate.gov/legislative/LIS/roll_call_votes/vote1131/vote_113_1_00262.htm,,
District of New Hampshire,NH,Joseph Normand Laplante,2007,G.W. Bush,R,1965,58,16,74,No,2030,No,No,,No,,,
District of New Hampshire,NH,Samantha D. Elliott,2021,Biden,D,1975,48,2,50,No,2053,No,No,62-37,No,https://www.senate.gov/legislative/LIS/roll_call_votes/vote1171/vote_117_1_00501.htm,,
District of Vermont,VT,Judge Geoffrey W. Crawford,2014,Obama,D,1954,69,9,78,No,2025,No,Yes,95-0,Yes,https://www.senate.gov/legislative/LIS/roll_call_votes/vote1132/vote_113_2_00209.htm,https://www.vtd.uscourts.gov/chief-judge-geoffrey-w-crawford,
District of Vermont,VT,Christina Reiss,2009,Obama,D,1962,61,14,75,No,2028,No,No,,No,,,
Northern District of New York,NY-N,Brenda K. Sannes,2014,Obama,D,1958,65,9,74,No,2029,No,No,96–0,Yes,https://www.senate.gov/legislative/LIS/roll_call_votes/vote1132/vote_113_2_00289.htm,https://www.nynd.uscourts.gov/judge-biographies#bks,
Northern District of New York,NY-N,David N. Hurd,1999,Clinton,D,1937,86,24,110,Yes,2002,No,No,,No,,,
Northern District of New York,NY-N,Glenn T. Suddaby,2008,G.W. Bush,R,1956,67,15,82,Yes,2021,No,No,,No,,,
Northern District of New York,NY-N,Mae A. D'Agostino,2011,Obama,D,1954,69,12,81,Yes,2022,No,No,,No,,,
Northern District of New York,NY-N,Anne M. Nardacci,2022,Biden,D,1977,46,1,47,No,2056,No,No,,No,,,
Western District of New York,NY-W,Elizabeth A. Wolford,2013,Obama,D,1966,57,10,67,No,2036,No,No,,Yes,,,
Western District of New York,NY-W,Lawrence J. Vilardo,2015,Obama,D,1955,68,8,76,No,2027,No,No,,No,,,
Western District of New York,NY-W,"John L. Sinatra, Jr.",2019,Trump,R,1972,51,4,55,No,2048,No,No,,No,,,
Southern District of New York,NY-S,Laura Taylor Swain,2000,Clinton,D,1958,65,23,88,No,2023,No,No,,Yes,,,
Southern District of New York,NY-S,John G. Koeltl,1994,Clinton,D,1945,78,29,107,Yes,2010,No,No,,No,,,
Southern District of New York,NY-S,Kenneth M. Karas,2004,G.W. Bush,R,1964,59,19,78,No,2029,No,No,,No,,,
Southern District of New York,NY-S,Cathy Seibel,2008,G.W. Bush,R,1960,63,15,78,No,2025,No,No,,No,,,
Southern District of New York,NY-S,J. Paul Oetken,2011,Obama,D,1965,58,12,70,No,2033,No,No,,No,,,
Southern District of New York,NY-S,Paul A. Engelmayer,2011,Obama,D,1961,62,12,74,No,2029,No,No,,No,,,
Southern District of New York,NY-S,Edgardo Ramos,2011,Obama,D,1960,63,12,75,No,2028,No,No,,No,,,
Southern District of New York,NY-S,Andrew L. Carter Jr.,2011,Obama,D,1969,54,12,66,No,2037,No,No,,No,,,
Southern District of New York,NY-S,Jesse M. Furman,2012,Obama,D,1972,51,11,62,No,2041,No,No,,No,,,
Southern District of New York,NY-S,Ronnie Abrams,2012,Obama,D,1968,55,11,66,No,2037,No,No,,No,,,
Southern District of New York,NY-S,Lorna G. Schofield,2012,Obama,D,1956,67,11,78,No,2025,No,No,,No,,,
Southern District of New York,NY-S,Katherine Polk Failla,2013,Obama,D,1969,54,10,64,No,2039,No,No,,No,,,
Southern District of New York,NY-S,Analisa Torres,2013,Obama,D,1959,64,10,74,No,2029,No,No,,No,,,
Southern District of New York,NY-S,Nelson S. Román,2013,Obama,D,1960,63,10,73,No,2030,No,No,,No,,,
Southern District of New York,NY-S,Vernon S. Broderick,2013,Obama,D,1963,60,10,70,No,2033,No,No,,No,,,
Southern District of New York,NY-S,Gregory H. Woods,2013,Obama,D,1969,54,10,64,No,2039,No,No,,No,,,
Southern District of New York,NY-S,Valerie E. Caproni,2013,Obama,D,1955,68,10,78,No,2025,No,No,,No,,,
Southern District of New York,NY-S,Mary Kay Vyskocil,2019,Trump,R,1958,65,4,69,No,2034,No,No,,No,,,
Southern District of New York,NY-S,Lewis J. Liman,2019,Trump,R,1960,63,4,67,No,2036,No,No,,No,,,
Southern District of New York,NY-S,Philip M. Halpern,2020,Trump,R,1956,67,3,70,No,2033,No,No,,No,,,
Southern District of New York,NY-S,John P. Cronan,2020,Trump,R,1976,47,3,50,No,2053,No,No,,No,,,
Southern District of New York,NY-S,Jennifer L. Rochon,2022,Biden,D,1970,53,1,54,No,2049,No,No,,No,,,
Southern District of New York,NY-S,Jennifer H. Rearden,2022,Biden,D,1970,53,1,54,No,2049,No,No,,No,,,
Southern District of New York,NY-S,Arun Subramanian,2023,Biden,D,1979,44,0,44,No,2059,No,No,,No,,,
Southern District of New York,NY-S,Jessica G. L. Clarke,2023,Biden,D,1983,40,0,40,No,2063,No,No,,No,,,
Southern District of New York,NY-S,Dale Ho,2023,Biden,D,1977,46,0,46,No,2057,No,No,,No,,,
Southern District of New York,NY-S,Margaret Garnett,2023,Biden,D,1971,52,0,52,No,2051,No,No,49-46,No,https://www.senate.gov/legislative/LIS/roll_call_votes/vote1181/vote_118_1_00317.htm,,
Eastern District of New York,NY-E,Margo Kitsy Brodie,2012,Obama,D,1966,57,11,68,No,2035,No,No,,Yes,,,
Eastern District of New York,NY-E,Roslynn R. Mauskopf,2007,G.W. Bush,R,1957,66,16,82,Yes,2022,No,No,,No,,,
Eastern District of New York,NY-E,Pamela K. Chen,2013,Obama,D,1961,62,10,72,No,2031,No,No,,No,,,
Eastern District of New York,NY-E,Joan Azrack,2014,Obama,D,1951,72,9,81,Yes,2022,No,Yes,,No,,,
Eastern District of New York,NY-E,Ann Donnelly,2015,Obama,D,1959,64,8,72,No,2031,No,No,,No,,,
Eastern District of New York,NY-E,LaShann DeArcy Hall,2015,Obama,D,1970,53,8,61,No,2042,No,No,,No,,,
Eastern District of New York,NY-E,Rachel Kovner,2019,Trump,R,1979,44,4,48,No,2055,No,No,,No,,,
Eastern District of New York,NY-E,Eric R. Komitee,2019,Trump,R,1970,53,4,57,No,2046,No,No,,No,,,
Eastern District of New York,NY-E,Gary R. Brown,2019,Trump,R,1963,60,4,64,No,2039,No,No,,No,,,
Eastern District of New York,NY-E,Diane Gujarati,2020,Trump,R,1969,54,3,57,No,2046,No,No,,No,,,
Eastern District of New York,NY-E,Hector Gonzalez,2022,Biden,D,1964,59,1,60,No,2043,No,No,,No,,,
Eastern District of New York,NY-E,Nina Morrison,2022,Biden,D,1970,53,1,54,No,2049,No,No,,No,,,
Eastern District of New York,NY-E,Orelia Merchant,2023,Biden,D,1971,52,0,52,No,2051,No,No,,No,,,
Eastern District of New York,NY-E,Nusrat Jahan Choudhury,2023,Biden,D,1976,47,0,47,No,2056,No,No,,No,,,
Eastern District of New York,NY-E,Natasha C. Merle,2023,Biden,D,1983,40,0,40,No,2063,No,No,,No,,,
Eastern District of New York,NY-E,Ramon Reyes,2023,Biden,D,1966,57,0,57,No,2046,No,No,,No,,,
District of New Jersey,NJ,Renée Marie Bumb,2006,G.W. Bush,R,1960,63,17,80,No,2025,No,No,,Yes,,,
District of New Jersey,NJ,Susan D. Wigenton,2006,G.W. Bush,R,1962,61,17,78,No,2027,No,No,,No,,,
District of New Jersey,NJ,Claire C. Cecchi,2011,Obama,D,1964,59,12,71,No,2032,No,No,,No,,,
District of New Jersey,NJ,Esther Salas,2011,Obama,D,1968,55,12,67,No,2036,No,No,,No,,,
District of New Jersey,NJ,Michael A. Shipp,2012,Obama,D,1965,58,11,69,No,2034,No,No,,No,,,
District of New Jersey,NJ,Madeline Cox Arleo,2014,Obama,D,1963,60,9,69,No,2034,No,No,,No,,,
District of New Jersey,NJ,Brian R. Martinotti,2016,Obama,D,1961,62,7,69,No,2034,No,No,,No,,,
District of New Jersey,NJ,Julien Neals,2021,Biden,D,1965,58,2,60,No,2043,No,No,,No,,,
District of New Jersey,NJ,Zahid Quraishi,2021,Biden,D,1975,48,2,50,No,2053,No,No,,No,,,
District of New Jersey,NJ,Christine O'Hearn,2021,Biden,D,1969,54,2,56,No,2047,No,No,,No,,,
District of New Jersey,NJ,Karen M. Williams,2021,Biden,D,1963,60,2,62,No,2041,No,No,,No,,,
District of New Jersey,NJ,Georgette Castner,2022,Biden,D,1979,44,1,45,No,2058,No,No,,No,,,
District of New Jersey,NJ,Evelyn Padin,2022,Biden,D,1960,63,1,64,No,2039,No,No,,No,,,
District of New Jersey,NJ,Michael E. Farbiarz,2023,Biden,D,1973,50,0,50,No,2053,No,No,,No,,,
District of New Jersey,NJ,Robert Kirsch,2023,Biden,D,1966,57,0,57,No,2046,No,No,,No,,,
District of New Jersey,NJ,Jamel K. Semper,2023,Biden,D,1981,42,0,42,No,2061,No,No,,No,,,
Eastern District of Pennsylvania,PA-E,Chief Judge Juan R. Sánchez,2004,G.W. Bush,R,1955,68,19,87,Yes,2020,No,No,,Yes,,,
Eastern District of Pennsylvania,PA-E,Gene E. K. Pratter,2004,G.W. Bush,R,1949,74,19,93,Yes,2014,No,No,,No,,,
Eastern District of Pennsylvania,PA-E,Paul S. Diamond,2004,G.W. Bush,R,1953,70,19,89,Yes,2018,No,No,,No,,,
Eastern District of Pennsylvania,PA-E,Mitchell S. Goldberg,2008,G.W. Bush,R,1959,64,15,79,No,2024,No,No,,No,,,
Eastern District of Pennsylvania,PA-E,Nitza I. Quiñones Alejandro,2013,Obama,D,1951,72,10,82,Yes,2021,No,No,,No,,,
Eastern District of Pennsylvania,PA-E,Jeffrey L. Schmehl,2013,Obama,D,1955,68,10,78,No,2025,No,No,,No,,,
Eastern District of Pennsylvania,PA-E,Gerald A. McHugh,2014,Obama,D,1954,69,9,78,No,2025,No,No,,No,,,
Eastern District of Pennsylvania,PA-E,Wendy Beetlestone,2014,Obama,D,1961,62,9,71,No,2032,No,No,,No,,,
Eastern District of Pennsylvania,PA-E,Mark A. Kearney,2014,Obama,D,1962,61,9,70,No,2033,No,No,,No,,,
Eastern District of Pennsylvania,PA-E,Gerald J. Pappert,2014,Obama,D,1963,60,9,69,No,2034,No,No,,No,,,
Eastern District of Pennsylvania,PA-E,"Joseph F. Leeson, Jr.",2014,Obama,D,1955,68,9,77,No,2026,No,No,,No,,,
Eastern District of Pennsylvania,PA-E,Chad F. Kenney,2018,Trump,R,1955,68,5,73,No,2030,No,No,,No,,,
Eastern District of Pennsylvania,PA-E,Joshua D. Wolson,2019,Trump,R,1974,49,4,53,No,2050,No,No,,No,,,
Eastern District of Pennsylvania,PA-E,John Milton Younge,2019,Trump,R,1955,68,4,72,No,2031,No,No,,No,,,
Eastern District of Pennsylvania,PA-E,Karen S. Marston,2019,Trump,R,1968,55,4,59,No,2044,No,No,,No,,,
Eastern District of Pennsylvania,PA-E,John M. Gallagher,2019,Trump,R,1966,57,4,61,No,2042,No,No,,No,,,
Eastern District of Pennsylvania,PA-E,Mia Roberts Perez,2022,Biden,D,1981,42,1,43,No,2060,No,No,,No,,,
Eastern District of Pennsylvania,PA-E,Kelley Brisbon Hodge,2022,Biden,D,1971,52,1,53,No,2050,No,No,,No,,,
Eastern District of Pennsylvania,PA-E,John F. Murphy,2022,Biden,D,1977,46,1,47,No,2056,No,No,,No,,,
Eastern District of Pennsylvania,PA-E,Kai N. Scott,2023,Biden,D,1970,53,0,53,No,2050,No,No,,No,,,
Middle District of Pennsylvania,PA-M,Matthew W. Brann,2012,Obama,D,1965,58,11,69,No,2034,No,No,,Yes,,,
Middle District of Pennsylvania,PA-M,Christopher C. Conner,2002,G.W. Bush,R,1957,66,21,87,Yes,2022,No,No,,No,,,
Middle District of Pennsylvania,PA-M,Malachy E. Mannion,2012,Obama,D,1953,70,11,81,Yes,2022,No,Yes,,No,,,
Middle District of Pennsylvania,PA-M,Jennifer P. Wilson,2019,Trump,R,1975,48,4,52,No,2051,No,No,,No,,,
Middle District of Pennsylvania,PA-M,Julia K. Munley,2023,Biden,D,1965,58,0,58,No,2045,No,No,,No,,,
Western District of Pennsylvania,PA-W,Mark R. Hornak,2011,Obama,D,1956,67,12,79,No,2024,No,No,,Yes,,,
Western District of Pennsylvania,PA-W,Cathy Bissoon,2011,Obama,D,1968,55,12,67,No,2036,No,No,,No,,,
Western District of Pennsylvania,PA-W,Susan Paradise Baxter,2018,Trump,R,1956,67,5,72,No,2031,No,No,,No,,,
Western District of Pennsylvania,PA-W,Marilyn Horan,2018,Trump,R,1954,69,5,74,No,2029,No,No,,No,,,
Western District of Pennsylvania,PA-W,Nicholas Ranjan,2019,Trump,R,1978,45,4,49,No,2054,No,No,,No,,,
Western District of Pennsylvania,PA-W,William S. Stickman IV,2019,Trump,R,1979,44,4,48,No,2055,No,No,,No,,,
Western District of Pennsylvania,PA-W,Stephanie L. Haines,2019,Trump,R,1969,54,4,58,No,2045,No,No,,No,,,
Western District of Pennsylvania,PA-W,Robert J. Colville,2019,Trump,R,1965,58,4,62,No,2041,No,No,,No,,,
Western District of Pennsylvania,PA-W,W. Scott Hardy,2020,Trump,R,1971,52,3,55,No,2048,No,No,,No,,,
Western District of Pennsylvania,PA-W,Christy C. Wiegand,2020,Trump,R,1975,48,3,51,No,2052,No,No,,No,,,
District of Delaware,DE,Colm Connolly,2018,Trump,R,1964,59,5,64,No,2039,No,No,,Yes,,,
District of Delaware,DE,Richard G. Andrews,2011,Obama,D,1955,68,12,80,No,2023,No,No,,No,,,
District of Delaware,DE,Maryellen Noreika,2018,Trump,R,1966,57,5,62,No,2041,No,No,,No,,,
District of Delaware,DE,Gregory B. Williams,2022,Biden,D,1969,54,1,55,No,2048,No,No,,No,,,
District of Delaware,DE,Jennifer L. Hall,2024,Biden,D,1976,47,-1,46,No,2057,No,No,,No,,,
District of Maryland,MD,James K. Bredar,2010,Obama,D,1957,66,13,79,No,2024,No,Yes,,Yes,,,
District of Maryland,MD,George L. Russell III,2012,Obama,D,1965,58,11,69,No,2034,No,No,,No,,,
District of Maryland,MD,Theodore D. Chuang,2014,Obama,D,1969,54,9,63,No,2040,No,No,,No,,,
District of Maryland,MD,Paula Xinis,2016,Obama,D,1968,55,7,62,No,2041,No,No,,No,,,
District of Maryland,MD,Stephanie A. Gallagher,2019,Trump,R,1972,51,4,55,No,2048,No,No,,No,,,
District of Maryland,MD,Deborah Boardman,2021,Biden,D,1974,49,2,51,No,2052,No,No,,No,,,
District of Maryland,MD,Lydia Kay Griggsby,2021,Biden,D,1968,55,2,57,No,2046,No,No,,No,,,
District of Maryland,MD,Julie Rubin,2022,Biden,D,1972,51,1,52,No,2051,No,No,,No,,,
District of Maryland,MD,Brendan A. Hurson,2023,Biden,D,1977,46,0,46,No,2057,No,No,,No,,,
District of Maryland,MD,Matthew J. Maddox,2023,Biden,D,1977,46,0,46,No,2057,No,No,,No,,,
Northern District of West Virginia,WV-N,Tom Kleeh,2018,Trump,R,1974,49,5,54,No,2049,No,No,,Yes,,,
Northern District of West Virginia,WV-N,John P. Bailey,2007,G.W. Bush,R,1951,72,16,88,Yes,2016,No,No,,No,,,
Northern District of West Virginia,WV-N,Gina M. Groh,2012,Obama,D,1964,59,11,70,No,2033,No,No,,No,,,
Southern District of West Virginia,WV-S,Thomas E. Johnston,2006,G.W. Bush,R,1967,56,17,73,No,2032,No,No,,Yes,,,
Southern District of West Virginia,WV-S,Joseph R. Goodwin,1995,Clinton,D,1942,81,28,109,Yes,2007,No,No,,No,,,
Southern District of West Virginia,WV-S,Robert Charles Chambers,1997,Clinton,D,1952,71,26,97,Yes,2017,No,No,,No,,,
Southern District of West Virginia,WV-S,Irene Berger,2009,Obama,D,1954,69,14,83,Yes,2020,No,No,,No,,,
Southern District of West Virginia,WV-S,Frank W. Volk,2019,Trump,R,1965,58,4,62,No,2041,No,No,,No,,,
Eastern District of Virginia,VA-E,Mark Steven Davis,2008,G.W. Bush,R,1962,61,15,76,No,2027,No,No,,Yes,,,
Eastern District of Virginia,VA-E,Leonie Brinkema,1993,Clinton,D,1944,79,30,109,Yes,2009,No,No,,No,,,
Eastern District of Virginia,VA-E,Arenda Wright Allen,2011,Obama,D,1960,63,12,75,No,2028,No,No,,No,,,
Eastern District of Virginia,VA-E,M. Hannah Lauck,2014,Obama,D,1963,60,9,69,No,2034,No,No,,No,,,
Eastern District of Virginia,VA-E,Rossie D. Alston Jr.,2019,Trump,R,1957,66,4,70,No,2033,No,No,,No,,,
Eastern District of Virginia,VA-E,David J. Novak,2019,Trump,R,1961,62,4,66,No,2037,No,No,,No,,,
Eastern District of Virginia,VA-E,Roderick C. Young,2020,Trump,R,1966,57,3,60,No,2043,No,No,,No,,,
Eastern District of Virginia,VA-E,Patricia Tolliver Giles,2021,Biden,D,1973,50,2,52,No,2051,No,No,,No,,,
Eastern District of Virginia,VA-E,Michael S. Nachmanoff,2021,Biden,D,1968,55,2,57,No,2046,No,No,,No,,,
Eastern District of Virginia,VA-E,Elizabeth Hanes,2022,Biden,D,1978,45,1,46,No,2057,No,No,,No,,,
Eastern District of Virginia,VA-E,Jamar K. Walker,2023,Biden,D,1986,37,0,37,No,2066,No,No,,No,,,
Western District of Virginia,VA-W,Michael F. Urbanski,2011,Obama,D,1956,67,12,79,No,2024,No,Yes,,Yes,,,
Western District of Virginia,VA-W,Elizabeth K. Dillon,2014,Obama,D,1960,63,9,72,No,2031,No,No,,No,,,
Western District of Virginia,VA-W,Thomas T. Cullen,2020,Trump,R,1977,46,3,49,No,2054,No,No,,No,,,
Western District of Virginia,VA-W,Robert S. Ballou,2023,Biden,D,1962,61,0,61,No,2042,No,No,,No,,,
Northern District of Ohio,OH-N,Sara Elizabeth Lioi,2007,G.W. Bush,R,1960,63,16,79,No,2025,No,No,,No,,,
Northern District of Ohio,OH-N,John R. Adams,2003,G.W. Bush,R,1955,68,20,88,Yes,2020,No,No,,Yes,,,
Northern District of Ohio,OH-N,Benita Y. Pearson,2010,Obama,D,1963,60,13,73,No,2030,No,No,,No,,,
Northern District of Ohio,OH-N,Jeffrey J. Helmick,2012,Obama,D,1960,63,11,74,No,2029,No,No,,No,,,
Northern District of Ohio,OH-N,Pamela Barker,2019,Trump,R,1957,66,4,70,No,2033,No,No,,No,,,
Northern District of Ohio,OH-N,James R. Knepp II,2020,Trump,R,1964,59,3,62,No,2041,No,No,,No,,,
Northern District of Ohio,OH-N,J. Philip Calabrese,2020,Trump,R,1971,52,3,55,No,2048,No,No,,No,,,
Northern District of Ohio,OH-N,Charles E. Fleming,2022,Biden,D,1962,61,1,62,No,2041,No,No,,No,,,
Northern District of Ohio,OH-N,David A. Ruiz,2022,Biden,D,1973,50,1,51,No,2052,No,No,,No,,,
Northern District of Ohio,OH-N,Bridget M. Brennan,2022,Biden,D,1974,49,1,50,No,2053,No,No,,No,,,
Southern District of Ohio,OH-S,Algenon L. Marbley,1997,Clinton,D,1954,69,26,95,Yes,2019,No,Yes,,Yes,,,
Southern District of Ohio,OH-S,Edmund A. Sargus Jr.,1996,Clinton,D,1953,70,27,97,Yes,2018,No,No,,No,,,
Southern District of Ohio,OH-S,Michael H. Watson,2004,G.W. Bush,R,1956,67,19,86,Yes,2021,No,No,,No,,,
Southern District of Ohio,OH-S,Sarah D. Morrison,2019,Trump,R,1970,53,4,57,No,2046,No,No,,No,,,
Southern District of Ohio,OH-S,Douglas R. Cole,2019,Trump,R,1964,59,4,63,No,2040,No,No,,No,,,
Southern District of Ohio,OH-S,Matthew W. McFarland,2019,Trump,R,1967,56,4,60,No,2043,No,No,,No,,,
Southern District of Ohio,OH-S,Michael J. Newman,2020,Trump,R,1960,63,3,66,No,2037,No,No,,No,,,
Southern District of Ohio,OH-S,Jeffery P. Hopkins,2022,Biden,D,1960,63,1,64,No,2039,No,No,,No,,,
Eastern District of North Carolina,NC-E,Richard E. Myers II,2019,Trump,R,1967,56,4,60,No,2043,No,No,,Yes,,,
Eastern District of North Carolina,NC-E,Terrence Boyle,1984,Reagan,R,1945,78,39,117,Yes,2010,No,No,,No,,,
Eastern District of North Carolina,NC-E,Louise Flanagan,2003,G.W. Bush,R,1962,61,20,81,No,2027,No,No,,No,,,
Eastern District of North Carolina,NC-E,James C. Dever III,2005,G.W. Bush,R,1962,61,18,79,No,2027,No,No,,No,,,
Middle District of North Carolina,NC-M,Catherine Eagles,2010,Obama,D,1958,65,13,78,No,2025,No,No,,Yes,,,
Middle District of North Carolina,NC-M,William Lindsay Osteen Jr.,2007,G.W. Bush,R,1960,63,16,79,No,2025,No,No,,No,,,
Middle District of North Carolina,NC-M,Thomas D. Schroeder,2008,G.W. Bush,R,1959,64,15,79,No,2024,No,No,,No,,,
Middle District of North Carolina,NC-M,Loretta Copeland Biggs,2014,Obama,D,1954,69,9,78,No,2025,No,No,,No,,,
Western District of North Carolina,NC-W,Martin Karl Reidinger,2007,G.W. Bush,R,1958,65,16,81,No,2023,No,No,,Yes,,,
Western District of North Carolina,NC-W,Frank DeArmon Whitney,2006,G.W. Bush,R,1959,64,17,81,No,2024,No,No,,No,,,
Western District of North Carolina,NC-W,Max O. Cogburn Jr.,2011,Obama,D,1951,72,12,84,Yes,2019,No,Yes,,No,,,
Western District of North Carolina,NC-W,Kenneth D. Bell,2019,Trump,R,1958,65,4,69,No,2034,No,No,,No,,,
Eastern District of Kentucky,KY-E,Danny C. Reeves,2001,G.W. Bush,R,1957,66,22,88,Yes,2022,No,No,,Yes,,,
Eastern District of Kentucky,KY-E,Karen K. Caldwell,2001,G.W. Bush,R,1956,67,22,89,Yes,2021,No,No,,No,,,
Eastern District of Kentucky,KY-E,David L. Bunning,2002,G.W. Bush,R,1966,57,21,78,No,2031,No,No,,No,,,
Eastern District of Kentucky,KY-E,Gregory F. Van Tatenhove,2006,G.W. Bush,R,1960,63,17,80,No,2025,No,No,,No,,,
Eastern District of Kentucky,KY-E,Claria Horn Boom,2018,Trump,R,1969,54,5,59,No,2044,No,No,,No,,,
Eastern District of Kentucky,KY-E,Robert E. Wier,2018,Trump,R,1967,56,5,61,No,2042,No,No,,No,,,
Western District of Kentucky,KY-W,Gregory N. Stivers,2014,Obama,D,1960,63,9,72,No,2031,No,No,,Yes,,,
Western District of Kentucky,KY-W,David J. Hale,2014,Obama,D,1967,56,9,65,No,2038,No,No,,No,,,
Western District of Kentucky,KY-W,Claria Horn Boom,2018,Trump,R,1969,54,5,59,No,2044,No,No,,No,,,
Western District of Kentucky,KY-W,Rebecca Grady Jennings,2018,Trump,R,1978,45,5,50,No,2053,No,No,,No,,,
Western District of Kentucky,KY-W,Benjamin Beaton,2020,Trump,R,1981,42,3,45,No,2058,No,No,,No,,,
District of South Carolina,SC,Robert Bryan Harwell,2004,G.W. Bush,R,1959,64,19,83,No,2024,No,No,,Yes,,,
District of South Carolina,SC,David C. Norton,1990,G.H.W. Bush,R,1946,77,33,110,Yes,2011,No,No,,No,,,
District of South Carolina,SC,Richard Gergel,2010,Obama,D,1954,69,13,82,Yes,2021,No,No,,No,,,
District of South Carolina,SC,Timothy M. Cain,2011,Obama,D,1961,62,12,74,No,2029,No,No,,No,,,
District of South Carolina,SC,Mary Geiger Lewis,2012,Obama,D,1958,65,11,76,No,2027,No,No,,No,,,
District of South Carolina,SC,Bruce Howe Hendricks,2014,Obama,D,1957,66,9,75,No,2028,No,No,,No,,,
District of South Carolina,SC,Donald C. Coggins Jr.,2017,Trump,R,1959,64,6,70,No,2033,No,No,,No,,,
District of South Carolina,SC,Sherri Lydon,2019,Trump,R,1962,61,4,65,No,2038,No,No,,No,,,
District of South Carolina,SC,Joseph Dawson III,2020,Trump,R,1970,53,3,56,No,2047,No,No,,No,,,
Eastern District of Tennessee,TN-E,Travis R. McDonough,2015,Obama,D,1972,51,8,59,No,2044,No,No,,Yes,,,
Eastern District of Tennessee,TN-E,Thomas A. Varlan,2003,G.W. Bush,R,1956,67,20,87,Yes,2021,No,No,,No,,,
Eastern District of Tennessee,TN-E,Clifton L. Corker,2019,Trump,R,1967,56,4,60,No,2043,No,No,,No,,,
Eastern District of Tennessee,TN-E,Charles E. Atchley Jr.,2020,Trump,R,1966,57,3,60,No,2043,No,No,,No,,,
Eastern District of Tennessee,TN-E,Katherine A. Crytzer,2020,Trump,R,1984,39,3,42,No,2061,No,No,,No,,,
Middle District of Tennessee,TN-M,Waverly D. Crenshaw Jr.,2016,Obama,D,1956,67,7,74,No,2029,No,No,,Yes,,,
Middle District of Tennessee,TN-M,Aleta Arthur Trauger,1998,Clinton,D,1945,78,25,103,Yes,2010,No,No,,No,,,
Middle District of Tennessee,TN-M,William L. Campbell Jr.,2018,Trump,R,1969,54,5,59,No,2044,No,No,,No,,,
Middle District of Tennessee,TN-M,Eli J. Richardson,2018,Trump,R,1967,56,5,61,No,2042,No,No,,No,,,
Western District of Tennessee,TN-W,Sheryl H. Lipman,2014,Obama,D,1963,60,9,69,No,2034,No,No,,Yes,,,
Western District of Tennessee,TN-W,S. Thomas Anderson,2008,G.W. Bush,R,1953,70,15,85,Yes,2018,No,No,,No,,,
Western District of Tennessee,TN-W,Tommy Parker,2018,Trump,R,1963,60,5,65,No,2038,No,No,,No,,,
Western District of Tennessee,TN-W,Mark Norris,2018,Trump,R,1955,68,5,73,No,2030,No,No,,No,,,
Northern District of Georgia,GA-N,Timothy Batten,2006,G.W. Bush,R,1960,63,17,80,No,2025,No,No,,Yes,,,
Northern District of Georgia,GA-N,Steve C. Jones,2011,Obama,D,1957,66,12,78,No,2025,No,No,,No,,,
Northern District of Georgia,GA-N,Leigh Martin May,2014,Obama,D,1971,52,9,61,No,2042,No,No,,No,,,
Northern District of Georgia,GA-N,Mark Howard Cohen,2014,Obama,D,1955,68,9,77,No,2026,No,No,,No,,,
Northern District of Georgia,GA-N,Eleanor L. Ross,2014,Obama,D,1967,56,9,65,No,2038,No,No,,No,,,
Northern District of Georgia,GA-N,Michael Lawrence Brown,2018,Trump,R,1968,55,5,60,No,2043,No,No,,No,,,
Northern District of Georgia,GA-N,William M. Ray II,2018,Trump,R,1963,60,5,65,No,2038,No,No,,No,,,
Northern District of Georgia,GA-N,J. P. Boulee,2019,Trump,R,1971,52,4,56,No,2047,No,No,,No,,,
Northern District of Georgia,GA-N,Steven D. Grimberg,2019,Trump,R,1974,49,4,53,No,2050,No,No,,No,,,
Northern District of Georgia,GA-N,Victoria Calvert,2022,Biden,D,1981,42,1,43,No,2060,No,No,,No,,,
Northern District of Georgia,GA-N,Sarah Geraghty,2022,Biden,D,1974,49,1,50,No,2053,No,No,,No,,,
Middle District of Georgia,GA-M,Marc T. Treadwell,2010,Obama,D,1955,68,13,81,Yes,2022,No,No,,Yes,,,
Middle District of Georgia,GA-M,Clay D. Land,2001,G.W. Bush,R,1960,63,22,85,No,2025,No,No,,No,,,
Middle District of Georgia,GA-M,Leslie Abrams Gardner,2014,Obama,D,1974,49,9,58,No,2045,No,No,,No,,,
Middle District of Georgia,GA-M,Tripp Self,2018,Trump,R,1968,55,5,60,No,2043,No,No,,No,,,
Southern District of Georgia,GA-S,James Randal Hall,2008,G.W. Bush,R,1958,65,15,80,No,2023,No,No,,Yes,,,
Southern District of Georgia,GA-S,Lisa Godbey Wood,2007,G.W. Bush,R,1963,60,16,76,No,2028,No,No,,No,,,
Southern District of Georgia,GA-S,R. Stan Baker,2018,Trump,R,1977,46,5,51,No,2052,No,No,,No,,,
Northern District of Alabama,AL-N,L. Scott Coogler,2003,G.W. Bush,R,1959,64,20,84,No,2024,No,No,,Yes,,,
Northern District of Alabama,AL-N,R. David Proctor,2003,G.W. Bush,R,1960,63,20,83,No,2025,No,No,,No,,,
Northern District of Alabama,AL-N,Madeline Haikala,2013,Obama,D,1964,59,10,69,No,2034,No,No,,No,,,
Northern District of Alabama,AL-N,Annemarie Carney Axon,2018,Trump,R,1973,50,5,55,No,2048,No,No,,No,,,
Northern District of Alabama,AL-N,Liles C. Burke,2018,Trump,R,1969,54,5,59,No,2044,No,No,,No,,,
Northern District of Alabama,AL-N,Corey L. Maze,2019,Trump,R,1978,45,4,49,No,2054,No,No,,No,,,
Northern District of Alabama,AL-N,Anna M. Manasco,2020,Trump,R,1980,43,3,46,No,2057,No,No,,No,,,
Middle District of Alabama,AL-M,Emily C. Marks,2018,Trump,R,1973,50,5,55,No,2048,No,No,,Yes,,,
Middle District of Alabama,AL-M,R. Austin Huffaker Jr.,2019,Trump,R,1973,50,4,54,No,2049,No,No,,No,,,
Southern District of Alabama,AL-S,Jeff Beaverstock,2018,Trump,R,1968,55,5,60,No,2043,No,No,,Yes,,,
Southern District of Alabama,AL-S,Kristi DuBose,2005,G.W. Bush,R,1964,59,18,77,No,2029,No,No,,No,,,
Southern District of Alabama,AL-S,Terry F. Moorer,2018,Trump,R,1961,62,5,67,No,2036,No,No,,No,,,
Northern District of Florida,FL-N,Mark E. Walker,2012,Obama,D,1967,56,11,67,No,2036,No,No,,Yes,,,
Northern District of Florida,FL-N,M. Casey Rodgers,2003,G.W. Bush,R,1964,59,20,79,No,2029,No,No,,No,,,
Northern District of Florida,FL-N,Allen Winsor,2019,Trump,R,1976,47,4,51,No,2052,No,No,,No,,,
Northern District of Florida,FL-N,T. Kent Wetherell II,2019,Trump,R,1970,53,4,57,No,2046,No,No,,No,,,
Middle District of Florida,FL-M,Timothy J. Corrigan,2002,G.W. Bush,R,1956,67,21,88,Yes,2021,No,Yes,,Yes,,,
Middle District of Florida,FL-M,Steven Douglas Merryday,1992,G.H.W. Bush,R,1950,73,31,104,Yes,2015,No,No,,No,,,
Middle District of Florida,FL-M,Marcia Morales Howard,2007,G.W. Bush,R,1965,58,16,74,No,2030,No,No,,No,,,
Middle District of Florida,FL-M,Mary Stenson Scriven,2008,G.W. Bush,R,1962,61,15,76,No,2027,No,No,,No,,,
Middle District of Florida,FL-M,Sheri Polster Chappell,2013,Obama,D,1962,61,10,71,No,2032,No,No,,No,,,
Middle District of Florida,FL-M,Brian J. Davis,2013,Obama,D,1953,70,10,80,No,2023,No,Yes,,No,,,
Middle District of Florida,FL-M,Paul G. Byron,2014,Obama,D,1959,64,9,73,No,2030,No,No,,No,,,
Middle District of Florida,FL-M,Carlos E. Mendoza,2014,Obama,D,1970,53,9,62,No,2041,No,No,,No,,,
Middle District of Florida,FL-M,William F. Jung,2018,Trump,R,1958,65,5,70,No,2033,No,No,,No,,,
Middle District of Florida,FL-M,Thomas P. Barber,2019,Trump,R,1966,57,4,61,No,2042,No,No,,No,,,
Middle District of Florida,FL-M,Wendy Berger,2019,Trump,R,1968,55,4,59,No,2044,No,No,,No,,,
Middle District of Florida,FL-M,John Badalamenti,2020,Trump,R,1973,50,3,53,No,2050,No,No,,No,,,
Middle District of Florida,FL-M,Kathryn Kimball Mizelle,2020,Trump,R,1987,36,3,39,No,2064,No,No,,No,,,
Southern District of Florida,FL-S,Cecilia Altonaga,76,G.W. Bush,R,1962,61,1947,2008,No,2027,No,No,,Yes,,,
Southern District of Florida,FL-S,Kevin Michael Moore,1992,G.H.W. Bush,R,1951,72,31,103,Yes,2016,No,No,,No,,,
Southern District of Florida,FL-S,Donald M. Middlebrooks,1997,Clinton,D,1946,77,26,103,Yes,2011,No,No,,No,,,
Southern District of Florida,FL-S,William Dimitrouleas,1998,Clinton,D,1951,72,25,97,Yes,2016,No,No,,No,,,
Southern District of Florida,FL-S,Jose E. Martinez,2002,G.W. Bush,R,1941,82,21,103,Yes,2006,No,No,,No,,,
Southern District of Florida,FL-S,Kathleen M. Williams,2011,Obama,D,1956,67,12,79,No,2024,No,No,,No,,,
Southern District of Florida,FL-S,Darrin P. Gayles,2014,Obama,D,1966,57,9,66,No,2037,No,No,,No,,,
Southern District of Florida,FL-S,Beth Bloom,2014,Obama,D,1962,61,9,70,No,2033,No,No,,No,,,
Southern District of Florida,FL-S,Robin L. Rosenberg,2014,Obama,D,1962,61,9,70,No,2033,No,No,,No,,,
Southern District of Florida,FL-S,Roy Altman,2019,Trump,R,1982,41,4,45,No,2058,No,No,,No,,,
Southern District of Florida,FL-S,Rodolfo Ruiz,2019,Trump,R,1979,44,4,48,No,2055,No,No,,No,,,
Southern District of Florida,FL-S,Rodney Smith,2019,Trump,R,1974,49,4,53,No,2050,No,No,,No,,,
Southern District of Florida,FL-S,Raag Singhal,2019,Trump,R,1963,60,4,64,No,2039,No,No,,No,,,
Southern District of Florida,FL-S,Aileen Cannon,2020,Trump,R,1981,42,3,45,No,2058,No,No,,No,,,
Northern District of Mississippi,MS-N,Debra M. Brown,2013,Obama,D,1963,60,10,70,No,2033,No,No,,Yes,,,
Northern District of Mississippi,MS-N,Sharion Aycock,2007,G.W. Bush,R,1955,68,16,84,Yes,2020,No,No,,No,,,
Southern District of Mississippi,MS-S,Daniel P. Jordan III,2006,G.W. Bush,R,1964,59,17,76,No,2029,No,No,,Yes,,,
Southern District of Mississippi,MS-S,Henry Travillion Wingate,1985,Reagan,R,1947,76,38,114,Yes,2012,No,No,,No,,,
Southern District of Mississippi,MS-S,Halil Suleyman Ozerden,2007,G.W. Bush,R,1966,57,16,73,No,2031,No,No,,No,,,
Southern District of Mississippi,MS-S,Carlton W. Reeves,2010,Obama,D,1964,59,13,72,No,2031,No,No,,No,,,
Southern District of Mississippi,MS-S,Kristi Haskins Johnson,2020,Trump,R,1980,43,3,46,No,2057,No,No,,No,,,
Southern District of Mississippi,MS-S,Taylor B. McNeel,2020,Trump,R,1983,40,3,43,No,2060,No,No,,No,,,
Northern District of Indiana,IN-N,Holly A. Brady,2019,Trump,R,1969,54,4,58,No,2045,No,No,,Yes,,,
Northern District of Indiana,IN-N,Philip P. Simon,2003,G.W. Bush,R,1962,61,20,81,No,2027,No,No,,No,,,
Northern District of Indiana,IN-N,Damon R. Leichty,2019,Trump,R,1971,52,4,56,No,2047,No,No,,No,,,
Southern District of Indiana,IN-S,Tanya Walton Pratt,2010,Obama,D,1959,64,13,77,No,2026,No,No,,Yes,,,
Southern District of Indiana,IN-S,Jane Magnus-Stinson,2010,Obama,D,1958,65,13,78,No,2025,No,Yes,,No,,,
Southern District of Indiana,IN-S,James R. Sweeney II,2018,Trump,R,1961,62,5,67,No,2036,No,No,,No,,,
Southern District of Indiana,IN-S,J. P. Hanlon,2018,Trump,R,1970,53,5,58,No,2045,No,No,,No,,,
Southern District of Indiana,IN-S,Matthew P. Brookman,2023,Biden,D,1968,55,0,55,No,2048,No,No,,No,,,
Eastern District of Michigan,MI-E,Sean Cox,2006,G.W. Bush,R,1957,66,17,83,Yes,2022,No,No,,Yes,,,
Eastern District of Michigan,MI-E,Thomas Lamson Ludington,2006,G.W. Bush,R,1953,70,17,87,Yes,2018,No,No,,No,,,
Eastern District of Michigan,MI-E,Stephen Murphy III,2008,G.W. Bush,R,1962,61,15,76,No,2027,No,No,,No,,,
Eastern District of Michigan,MI-E,Mark A. Goldsmith,2010,Obama,D,1952,71,13,84,Yes,2019,No,No,,No,,,
Eastern District of Michigan,MI-E,Terrence Berg,2012,Obama,D,1959,64,11,75,No,2028,No,No,,No,,,
Eastern District of Michigan,MI-E,Matthew F. Leitman,2014,Obama,D,1968,55,9,64,No,2039,No,No,,No,,,
Eastern District of Michigan,MI-E,Judith E. Levy,2014,Obama,D,1958,65,9,74,No,2029,No,No,,No,,,
Eastern District of Michigan,MI-E,Laurie J. Michelson,2014,Obama,D,1967,56,9,65,No,2038,No,No,,No,,,
Eastern District of Michigan,MI-E,Linda Vivienne Parker,2014,Obama,D,1958,65,9,74,No,2029,No,No,,No,,,
Eastern District of Michigan,MI-E,Shalina D. Kumar,2021,Biden,D,1971,52,2,54,No,2049,No,No,,No,,,
Eastern District of Michigan,MI-E,F. Kay Behm,2022,Biden,D,1969,54,1,55,No,2048,No,No,,No,,,
Eastern District of Michigan,MI-E,Jonathan J. C. Grey,2023,Biden,D,1982,41,0,41,No,2062,No,No,,No,,,
Eastern District of Michigan,MI-E,Susan K. DeClercq,2023,Biden,D,1974,49,0,49,No,2054,No,No,,No,,,
Eastern District of Michigan,MI-E,Brandy R. McMillion,2023,Biden,D,1979,44,0,44,No,2059,No,No,,No,,,
Western District of Michigan,MI-W,Hala Y. Jarbou,2020,Trump,R,1971,52,3,55,No,2048,No,No,,Yes,,,
Western District of Michigan,MI-W,Paul Lewis Maloney,2007,G.W. Bush,R,1949,74,16,90,Yes,2014,No,No,,No,,,
Western District of Michigan,MI-W,Robert James Jonker,2007,G.W. Bush,R,1960,63,16,79,No,2025,No,No,,No,,,
Western District of Michigan,MI-W,Jane M. Beckering,2021,Biden,D,1965,58,2,60,No,2043,No,No,,No,,,
Eastern District of Wisconsin,WI-E,Pamela Pepper,2014,Obama,D,1964,59,9,68,No,2035,No,No,,Yes,,,
Eastern District of Wisconsin,WI-E,Joseph Peter Stadtmueller,1987,Reagan,R,1942,81,36,117,Yes,2007,No,No,,No,,,
Eastern District of Wisconsin,WI-E,Lynn Adelman,1997,Clinton,D,1939,84,26,110,Yes,2004,No,No,,No,,,
Eastern District of Wisconsin,WI-E,Brett H. Ludwig,2002,Trump,R,1969,54,21,75,No,2034,No,No,,No,,,
Western District of Wisconsin,WI-W,James D. Peterson,2014,Obama,D,1957,66,9,75,No,2028,No,No,,Yes,,,
Western District of Wisconsin,WI-W,William M. Conley,2010,Obama,D,1956,67,13,80,No,2023,No,No,,No,,,
Northern District of Illinois,IL-N,Rebecca R. Pallmeyer,1998,Clinton,D,1954,69,25,94,Yes,2019,No,Yes,,Yes,,,
Northern District of Illinois,IL-N,Virginia Mary Kendall,2006,G.W. Bush,R,1962,61,17,78,No,2027,No,No,,No,,,
Northern District of Illinois,IL-N,Robert Michael Dow Jr.,2007,G.W. Bush,R,1965,58,16,74,No,2030,No,No,,No,,,
Northern District of Illinois,IL-N,Sharon Johnson Coleman,2010,Obama,D,1960,63,13,76,No,2027,No,No,,No,,,
Northern District of Illinois,IL-N,Edmond E. Chang,2010,Obama,D,1970,53,13,66,No,2037,No,No,,No,,,
Northern District of Illinois,IL-N,John Tharp,2012,Obama,D,1960,63,11,74,No,2029,No,No,,No,,,
Northern District of Illinois,IL-N,Sara L. Ellis,2013,Obama,D,1969,54,10,64,No,2039,No,No,,No,,,
Northern District of Illinois,IL-N,Andrea Wood,2013,Obama,D,1973,50,10,60,No,2043,No,No,,No,,,
Northern District of Illinois,IL-N,Manish S. Shah,2014,Obama,D,1972,51,9,60,No,2043,No,No,,No,,,
Northern District of Illinois,IL-N,Jorge L. Alonso,2014,Obama,D,1966,57,9,66,No,2037,No,No,,No,,,
Northern District of Illinois,IL-N,John Robert Blakey,2014,Obama,D,1965,58,9,67,No,2036,No,No,,No,,,
Northern District of Illinois,IL-N,Martha M. Pacold,2019,Trump,R,1979,44,4,48,No,2055,No,No,,No,,,
Northern District of Illinois,IL-N,Mary M. Rowland,2019,Trump,R,1961,62,4,66,No,2037,No,No,,No,,,
Northern District of Illinois,IL-N,Steven C. Seeger,2019,Trump,R,1971,52,4,56,No,2047,No,No,,No,,,
Northern District of Illinois,IL-N,John F. Kness,2020,Trump,R,1969,54,3,57,No,2046,No,No,,No,,,
Northern District of Illinois,IL-N,Franklin U. Valderrama,2020,Trump,R,1962,61,3,64,No,2039,No,No,,No,,,
Northern District of Illinois,IL-N,Iain D. Johnston,2020,Trump,R,1965,58,3,61,No,2042,No,No,,No,,,
Northern District of Illinois,IL-N,Nancy L. Maldonado,2022,Biden,D,1975,48,1,49,No,2054,No,No,,No,,,
Northern District of Illinois,IL-N,Lindsay C. Jenkins,2023,Biden,D,1977,46,0,46,No,2057,No,No,,No,,,
Northern District of Illinois,IL-N,LaShonda A. Hunt,2023,Biden,D,1970,53,0,53,No,2050,No,No,,No,,,
Northern District of Illinois,IL-N,Jeremy C. Daniel,2023,Biden,D,1978,45,0,45,No,2058,No,No,,No,,,
Northern District of Illinois,IL-N,Jeffrey Cummings,2023,Biden,D,1962,61,0,61,No,2042,No,No,,No,,,
Central District of Illinois,IL-C,Sara Darrow,2011,Obama,D,1970,53,12,65,No,2038,No,No,,Yes,,,
Central District of Illinois,IL-C,James Shadid,2011,Obama,D,1957,66,12,78,No,2025,No,Yes,,No,,,
Central District of Illinois,IL-C,Colin S. Bruce,2013,Obama,D,1965,58,10,68,No,2035,No,No,,No,,,
Central District of Illinois,IL-C,Colleen Lawless,2023,Biden,D,1983,40,0,40,No,2063,No,No,,No,,,
Southern District of Illinois,IL-S,Nancy J. Rosenstengel,2014,Obama,D,1968,55,9,64,No,2039,No,No,,Yes,,,
Southern District of Illinois,IL-S,Staci M. Yandle,2014,Obama,D,1961,62,9,71,No,2032,No,No,,No,,,
Southern District of Illinois,IL-S,Stephen P. McGlynn,2020,Trump,R,1962,61,3,64,No,2039,No,No,,No,,,
Southern District of Illinois,IL-S,David W. Dugan,2020,Trump,R,1960,63,3,66,No,2037,No,No,,No,,,
Eastern District of Louisiana,LA-E,Nannette Jolivette Brown,2011,Obama,D,1963,60,12,72,No,2031,No,No,,Yes,,,
Eastern District of Louisiana,LA-E,Sarah S. Vance,1994,Clinton,D,1950,73,29,102,Yes,2015,No,No,,No,,,
Eastern District of Louisiana,LA-E,Eldon E. Fallon,1995,Clinton,D,1939,84,28,112,Yes,2004,No,Yes,,No,,,
Eastern District of Louisiana,LA-E,Jay C. Zainey,2002,G.W. Bush,R,1951,72,21,93,Yes,2016,No,No,,No,,,
Eastern District of Louisiana,LA-E,Lance Africk,2002,G.W. Bush,R,1951,72,21,93,Yes,2016,No,No,,No,,,
Eastern District of Louisiana,LA-E,Jane Triche Milazzo,2011,Obama,D,1957,66,12,78,No,2025,No,No,,No,,,
Eastern District of Louisiana,LA-E,Susie Morgan,2012,Obama,D,1953,70,11,81,Yes,2022,No,No,,No,,,
Eastern District of Louisiana,LA-E,Barry Ashe,2018,Trump,R,1956,67,5,72,No,2031,No,No,,No,,,
Eastern District of Louisiana,LA-E,Wendy Vitter,2019,Trump,R,1961,62,4,66,No,2037,No,No,,No,,,
Eastern District of Louisiana,LA-E,Greg G. Guidry,2019,Trump,R,1960,63,4,67,No,2036,No,No,,No,,,
Eastern District of Louisiana,LA-E,Darrel J. Papillion,2023,Biden,D,1968,55,0,55,No,2048,No,No,,No,,,
Eastern District of Louisiana,LA-E,Brandon Scott Long,2023,Biden,D,1976,47,0,47,No,2056,No,No,,No,,,
Middle District of Louisiana,LA-M,Shelly D. Dick,2013,Obama,D,1960,63,10,73,No,2030,No,No,,Yes,,,
Middle District of Louisiana,LA-M,Brian A. Jackson,2010,Obama,D,1960,63,13,76,No,2027,No,No,,No,,,
Middle District of Louisiana,LA-M,John W. deGravelles,2014,Obama,D,1949,74,9,83,Yes,2020,No,No,,No,,,
Western District of Louisiana,LA-W,Terry A. Doughty,2018,Trump,R,1959,64,5,69,No,2034,No,No,,Yes,,,
Western District of Louisiana,LA-W,S. Maurice Hicks Jr.,2003,G.W. Bush,R,1952,71,20,91,Yes,2017,No,No,,No,,,
Western District of Louisiana,LA-W,Robert R. Summerhays,2018,Trump,R,1965,58,5,63,No,2040,No,No,,No,,,
Western District of Louisiana,LA-W,James D. Cain Jr.,2019,Trump,R,1964,59,4,63,No,2040,No,No,,No,,,
Western District of Louisiana,LA-W,David C. Joseph,2020,Trump,R,1977,46,3,49,No,2054,No,No,,No,,,
Western District of Louisiana,LA-W,Jerry Edwards Jr.,2023,Biden,D,1979,44,0,44,No,2059,No,No,,No,,,
Eastern District of Arkansas,AR-E,D. Price Marshall Jr.,2010,Obama,D,1963,60,13,73,No,2030,No,No,,Yes,,,
Eastern District of Arkansas,AR-E,Brian S. Miller,2008,G.W. Bush,R,1967,56,15,71,No,2032,No,No,,No,,,
Eastern District of Arkansas,AR-E,Kristine Baker,2012,Obama,D,1971,52,11,63,No,2040,No,No,,No,,,
Eastern District of Arkansas,AR-E,James M. Moody Jr.,2014,Obama,D,1964,59,9,68,No,2035,No,No,,No,,,
Eastern District of Arkansas,AR-E,Lee Rudofsky,2019,Trump,R,1979,44,4,48,No,2055,No,No,,No,,,
Western District of Arkansas,AR-W,Susan O. Hickey,2011,Obama,D,1955,68,12,80,No,2023,No,No,,Yes,,,
Western District of Arkansas,AR-W,Timothy L. Brooks,2014,Obama,D,1964,59,9,68,No,2035,No,No,,No,,,
Eastern District of Missouri,MO-E,Stephen R. Clark,2019,Trump,R,1966,57,4,61,No,2042,No,No,,Yes,,,
Eastern District of Missouri,MO-E,Henry Autrey,2002,G.W. Bush,R,1952,71,21,92,Yes,2017,No,No,,No,,,
Eastern District of Missouri,MO-E,Brian C. Wimes,2012,Obama,D,1966,57,11,68,No,2035,No,No,,No,,,
Eastern District of Missouri,MO-E,Ronnie L. White,2014,Obama,D,1953,70,9,79,No,2024,No,Yes,,No,,,
Eastern District of Missouri,MO-E,Sarah Pitlyk,2019,Trump,R,1977,46,4,50,No,2053,No,No,,No,,,
Eastern District of Missouri,MO-E,Matthew T. Schelp,2020,Trump,R,1970,53,3,56,No,2047,No,No,,No,,,
Western District of Missouri,MO-W,Beth Phillips,2012,Obama,D,1969,54,11,65,No,2038,No,No,,Yes,,,
Western District of Missouri,MO-W,David Gregory Kays,2008,G.W. Bush,R,1962,61,15,76,No,2027,No,No,,No,,,
Western District of Missouri,MO-W,Brian C. Wimes,2012,Obama,D,1966,57,11,68,No,2035,No,No,,No,,,
Western District of Missouri,MO-W,M. Douglas Harpool,2014,Obama,D,1956,67,9,76,No,2027,No,No,,No,,,
Western District of Missouri,MO-W,Stephen R. Bough,2014,Obama,D,1970,53,9,62,No,2041,No,No,,No,,,
Western District of Missouri,MO-W,Roseann A. Ketchmark,2015,Obama,D,1963,60,8,68,No,2035,No,No,,No,,,
Southern District of Iowa,IA-S,Stephanie M. Rose,2012,Obama,D,1972,51,11,62,No,2041,No,No,,Yes,,,
Southern District of Iowa,IA-S,Rebecca Goodgame Ebinger,2016,Obama,D,1975,48,7,55,No,2048,No,No,,No,,,
Southern District of Iowa,IA-S,Stephen H. Locher,2022,Biden,D,1978,45,1,46,No,2057,No,No,,No,,,
Northern District of Iowa,IA-N,Leonard T. Strand,2016,Obama,D,1965,58,7,65,No,2038,No,No,,Yes,,,
Northern District of Iowa,IA-N,C. J. Williams,2018,Trump,R,1963,60,5,65,No,2038,No,No,,No,,,
District of Minnesota,MN,Patrick J. Schiltz,2006,G.W. Bush,R,1960,63,17,80,No,2025,No,No,,Yes,,,
District of Minnesota,MN,Wilhelmina Wright,2016,Obama,D,1964,59,7,66,No,2037,No,Yes,,No,,,
District of Minnesota,MN,Eric C. Tostrud,2018,Trump,R,1965,58,5,63,No,2040,No,No,,No,,,
District of Minnesota,MN,Nancy E. Brasel,2018,Trump,R,1969,54,5,59,No,2044,No,No,,No,,,
District of Minnesota,MN,Katherine M. Menendez,2021,Biden,D,1971,52,2,54,No,2049,No,No,,No,,,
District of Minnesota,MN,Jerry W. Blackwell,2022,Biden,D,1962,61,1,62,No,2041,No,No,,No,,,
District of Minnesota,MN,Jeffrey Bryan,2023,Biden,D,1976,47,0,47,No,2056,No,No,,No,,,
Eastern District of Texas,TX-E,J. Rodney Gilstrap,2011,Obama,D,1957,66,12,78,No,2025,No,No,,Yes,,,
Eastern District of Texas,TX-E,Marcia A. Crone,2003,G.W. Bush,R,1952,71,20,91,Yes,2017,No,No,,No,,,
Eastern District of Texas,TX-E,Amos Mazzant,2014,Obama,D,1965,58,9,67,No,2036,No,No,,No,,,
Eastern District of Texas,TX-E,Robert W. Schroeder III,2014,Obama,D,1966,57,9,66,No,2037,No,No,,No,,,
Eastern District of Texas,TX-E,Jeremy Kernodle,2018,Trump,R,1976,47,5,52,No,2051,No,No,,No,,,
Eastern District of Texas,TX-E,J. Campbell Barker,2019,Trump,R,1980,43,4,47,No,2056,No,No,,No,,,
Eastern District of Texas,TX-E,Michael J. Truncale,2019,Trump,R,1957,66,4,70,No,2033,No,No,,No,,,
Eastern District of Texas,TX-E,Sean D. Jordan,2019,Trump,R,1965,58,4,62,No,2041,No,No,,No,,,
Southern District of Texas,TX-S,Randy Crane,2002,G.W. Bush,R,1965,58,21,79,No,2030,No,No,,Yes,,,
Southern District of Texas,TX-S,Ricardo Hinojosa,1983,Reagan,R,1950,73,40,113,Yes,2015,No,No,,No,,,
Southern District of Texas,TX-S,Lee H. Rosenthal,1992,G.H.W. Bush,R,1952,71,31,102,Yes,2017,No,No,,No,,,
Southern District of Texas,TX-S,Keith P. Ellison,1999,Clinton,D,1950,73,24,97,Yes,2015,No,No,,No,,,
Southern District of Texas,TX-S,Andrew Hanen,2002,G.W. Bush,R,1953,70,21,91,Yes,2018,No,No,,No,,,
Southern District of Texas,TX-S,Diana Saldaña,2011,Obama,D,1971,52,12,64,No,2039,No,No,,No,,,
Southern District of Texas,TX-S,Nelva Gonzales Ramos,2011,Obama,D,1965,58,12,70,No,2033,No,No,,No,,,
Southern District of Texas,TX-S,Marina Garcia Marmolejo,2011,Obama,D,1971,52,12,64,No,2039,No,No,,No,,,
Southern District of Texas,TX-S,Alfred H. Bennett,2015,Obama,D,1965,58,8,66,No,2037,No,No,,No,,,
Southern District of Texas,TX-S,George C. Hanks Jr.,2015,Obama,D,1964,59,8,67,No,2036,No,No,,No,,,
Southern District of Texas,TX-S,Rolando Olvera,2015,Obama,D,1963,60,8,68,No,2035,No,No,,No,,,
Southern District of Texas,TX-S,Fernando Rodriguez Jr.,2018,Trump,R,1969,54,5,59,No,2044,No,No,,No,,,
Southern District of Texas,TX-S,David S. Morales,2019,Trump,R,1968,55,4,59,No,2044,No,No,,No,,,
Southern District of Texas,TX-S,Jeff Brown,2019,Trump,R,1970,53,4,57,No,2046,No,No,,No,,,
Southern District of Texas,TX-S,Charles R. Eskridge III,2019,Trump,R,1963,60,4,64,No,2039,No,No,,No,,,
Southern District of Texas,TX-S,Drew B. Tipton,2020,Trump,R,1967,56,3,59,No,2044,No,No,,No,,,
Western District of Texas,TX-W,Alia Moses,2002,G.W. Bush,R,1962,61,21,82,No,2027,No,No,,Yes,,,
Western District of Texas,TX-W,Samuel Frederick Biery Jr.,1994,Clinton,D,1947,76,29,105,Yes,2012,No,No,,No,,,
Western District of Texas,TX-W,Orlando Luis Garcia,1994,Clinton,D,1952,71,29,100,Yes,2017,No,No,,No,,,
Western District of Texas,TX-W,Kathleen Cardone,2003,G.W. Bush,R,1953,70,20,90,Yes,2018,No,No,,No,,,
Western District of Texas,TX-W,Xavier Rodriguez,2003,G.W. Bush,R,1961,62,20,82,No,2026,No,No,,No,,,
Western District of Texas,TX-W,Robert L. Pitman,2014,Obama,D,1962,61,9,70,No,2033,No,No,,No,,,
Western District of Texas,TX-W,David Counts,2018,Trump,R,1961,62,5,67,No,2036,No,No,,No,,,
Western District of Texas,TX-W,Alan Albright,2018,Trump,R,1959,64,5,69,No,2034,No,No,,No,,,
Western District of Texas,TX-W,Jason K. Pulliam,2019,Trump,R,1971,52,4,56,No,2047,No,No,,No,,,
Northern District of Texas,TX-N,David C. Godbey,2002,G.W. Bush,R,1957,66,21,87,Yes,2022,No,No,,Yes,,,
Northern District of Texas,TX-N,Sam A. Lindsay,1998,Clinton,D,1951,72,25,97,Yes,2016,No,No,,No,,,
Northern District of Texas,TX-N,James E. Kinkeade,2002,G.W. Bush,R,1951,72,21,93,Yes,2016,No,No,,No,,,
Northern District of Texas,TX-N,Jane J. Boyle,2004,G.W. Bush,R,1954,69,19,88,Yes,2019,No,No,,No,,,
Northern District of Texas,TX-N,Reed O'Connor,2007,G.W. Bush,R,1965,58,16,74,No,2030,No,No,,No,,,
Northern District of Texas,TX-N,Karen Gren Scholer,2018,Trump,R,1957,66,5,71,No,2032,No,No,,No,,,
Northern District of Texas,TX-N,Matthew J. Kacsmaryk,2019,Trump,R,1977,46,4,50,No,2053,No,No,,No,,,
Northern District of Texas,TX-N,Mark T. Pittman,2019,Trump,R,1975,48,4,52,No,2051,No,No,,No,,,
Northern District of Texas,TX-N,Brantley Starr,2019,Trump,R,1979,44,4,48,No,2055,No,No,,No,,,
Northern District of Texas,TX-N,James Wesley Hendrix,2019,Trump,R,1977,46,4,50,No,2053,No,No,,No,,,
Northern District of Texas,TX-N,Ada Brown,2019,Trump,R,1974,49,4,53,No,2050,No,No,,No,,,
Eastern District of Oklahoma,OK-E,Ronald A. White,2003,G.W. Bush,R,1961,62,20,82,No,2026,No,No,,Yes,,,
Eastern District of Oklahoma,OK-E,John F. Heil III,2020,Trump,R,1968,55,3,58,No,2045,No,No,,No,,,
Northern District of Oklahoma,OK-N,John F. Heil III,2020,Trump,R,1968,55,3,58,No,2045,No,No,,Yes,,,
Northern District of Oklahoma,OK-N,Gregory Kent Frizzell,2007,G.W. Bush,R,1956,67,16,83,Yes,2021,No,No,,No,,,
Northern District of Oklahoma,OK-N,Sara E. Hill,2023,Biden,D,1977,46,0,46,No,2057,No,No,,No,,,
Northern District of Oklahoma,OK-N,John D. Russell,2023,Biden,D,1963,60,0,60,No,2043,No,No,,No,,,
Western District of Oklahoma,OK-W,Timothy D. DeGiusti,2007,G.W. Bush,R,1962,61,16,77,No,2027,No,No,,Yes,,,
Western District of Oklahoma,OK-W,Scott L. Palk,2017,Trump,R,1967,56,6,62,No,2041,No,No,,No,,,
Western District of Oklahoma,OK-W,Charles Barnes Goodwin,2018,Trump,R,1970,53,5,58,No,2045,No,No,,No,,,
Western District of Oklahoma,OK-W,Patrick Wyrick,2019,Trump,R,1981,42,4,46,No,2057,No,No,,No,,,
Western District of Oklahoma,OK-W,Jodi W. Dishman,2019,Trump,R,1979,44,4,48,No,2055,No,No,,No,,,
Western District of Oklahoma,OK-W,Bernard M. Jones,2019,Trump,R,1979,44,4,48,No,2055,No,No,,No,,,
Western District of Oklahoma,OK-W,John F. Heil III,2020,Trump,R,1968,55,3,58,No,2045,No,No,,No,,,
District of Kansas,KS,Eric F. Melgren,2008,G.W. Bush,R,1956,67,15,82,Yes,2021,No,No,,Yes,,,
District of Kansas,KS,Daniel D. Crabtree,2014,Obama,D,1956,67,9,76,No,2027,No,No,,No,,,
District of Kansas,KS,John W. Broomes,2018,Trump,R,1969,54,5,59,No,2044,No,No,,No,,,
District of Kansas,KS,Holly Teeter,2018,Trump,R,1979,44,5,49,No,2054,No,No,,No,,,
District of Kansas,KS,Toby Crouse,2020,Trump,R,1975,48,3,51,No,2052,No,No,,No,,,
District of Nebraska,NE,Robert F. Rossiter Jr.,2016,Obama,D,1956,67,7,74,No,2029,No,No,,Yes,,,
District of Nebraska,NE,Brian C. Buescher,2019,Trump,R,1975,48,4,52,No,2051,No,No,,No,,,
District of South Dakota,SD,Roberto Lange,2009,Obama,D,1963,60,14,74,No,2029,No,No,,Yes,,,
District of South Dakota,SD,Karen Schreier,1999,Clinton,D,1956,67,24,91,Yes,2021,No,Yes,,No,,,
District of North Dakota,ND,Peter D. Welte,2019,Trump,R,1965,58,4,62,No,2041,No,No,,Yes,,,
District of North Dakota,ND,Daniel M. Traynor,2020,Trump,R,1970,53,3,56,No,2047,No,No,,No,,,
District of New Mexico,NM,William Paul Johnson,2001,G.W. Bush,R,1959,64,22,86,No,2024,No,No,,Yes,,,
District of New Mexico,NM,James O. Browning,2003,G.W. Bush,R,1956,67,20,87,Yes,2021,No,No,,No,,,
District of New Mexico,NM,Kenneth J. Gonzales,2013,Obama,D,1964,59,10,69,No,2034,No,No,,No,,,
District of New Mexico,NM,Kea W. Riggs,2019,Trump,R,1965,58,4,62,No,2041,No,No,,No,,,
District of New Mexico,NM,Margaret Strickland,2021,Biden,D,1980,43,2,45,No,2058,No,No,,No,,,
District of New Mexico,NM,David H. Urias,2022,Biden,D,1967,56,1,57,No,2046,No,No,,No,,,
District of New Mexico,NM,Matthew L. Garcia,2023,Biden,D,1974,49,0,49,No,2054,No,No,,No,,,
District of Colorado,CO,Philip A. Brimmer,2008,G.W. Bush,R,1959,64,15,79,No,2024,No,No,,Yes,,,
District of Colorado,CO,Daniel D. Domenico,2019,Trump,R,1972,51,4,55,No,2048,No,No,,No,,,
District of Colorado,CO,Regina M. Rodriguez,2021,Biden,D,1963,60,2,62,No,2041,No,No,,No,,,
District of Colorado,CO,Charlotte Sweeney,2022,Biden,D,1969,54,1,55,No,2048,No,No,,No,,,
District of Colorado,CO,Nina Y. Wang,2022,Biden,D,1972,51,1,52,No,2051,No,No,,No,,,
District of Colorado,CO,Gordon Gallagher,2023,Biden,D,1970,53,0,53,No,2050,No,No,,No,,,
District of Wyoming,WY,Scott W. Skavdahl,2011,Obama,D,1966,57,12,69,No,2034,No,No,,Yes,,,
District of Wyoming,WY,Alan Bond Johnson,1985,Reagan,R,1939,84,38,122,Yes,2004,No,No,,No,,,
District of Montana,MT,Brian Morris,2013,Obama,D,1963,60,10,70,No,2033,No,No,,Yes,,,
District of Montana,MT,Dana L. Christensen,2011,Obama,D,1951,72,12,84,Yes,2019,No,Yes,,No,,,
District of Montana,MT,Susan P. Watters,2013,Obama,D,1958,65,10,75,No,2028,No,No,,No,,,
District of Idaho,ID,David Nye,2017,Trump,R,1958,65,6,71,No,2032,No,No,,Yes,,,
District of Idaho,ID,Amanda Brailsford,2023,Biden,D,1967,56,0,56,No,2047,No,No,,No,,,
District of Utah,UT,Robert J. Shelby,2012,Obama,D,1970,53,11,64,No,2039,No,No,,Yes,,,
District of Utah,UT,Jill Parrish,2015,Obama,D,1961,62,8,70,No,2033,No,No,,No,,,
District of Utah,UT,Howard C. Nielson Jr.,2019,Trump,R,1968,55,4,59,No,2044,No,No,,No,,,
District of Utah,UT,David Barlow,2020,Trump,R,1971,52,3,55,No,2048,No,No,,No,,,
District of Arizona,AZ,G. Murray Snow,2008,G.W. Bush,R,1959,64,15,79,No,2024,No,Yes,,Yes,,,
District of Arizona,AZ,Jennifer Zipps,2011,Obama,D,1964,59,12,71,No,2032,No,No,,No,,,
District of Arizona,AZ,John J. Tuchi,2014,Obama,D,1964,59,9,68,No,2035,No,No,,No,,,
District of Arizona,AZ,Diane Humetewa,2014,Obama,D,1964,59,9,68,No,2035,No,No,,No,,,
District of Arizona,AZ,Steven Paul Logan,2014,Obama,D,1965,58,9,67,No,2036,No,No,,No,,,
District of Arizona,AZ,Rosemary Márquez,2014,Obama,D,1968,55,9,64,No,2039,No,No,,No,,,
District of Arizona,AZ,Douglas L. Rayes,2014,Obama,D,1952,71,9,80,No,2023,No,Yes,,No,,,
District of Arizona,AZ,James A. Soto,2014,Obama,D,1950,73,9,82,Yes,2021,No,Yes,,No,,,
District of Arizona,AZ,Dominic W. Lanza,2018,Trump,R,1976,47,5,52,No,2051,No,No,,No,,,
District of Arizona,AZ,Susan Brnovich,2018,Trump,R,1968,55,5,60,No,2043,No,No,,No,,,
District of Arizona,AZ,Michael T. Liburdi,2019,Trump,R,1977,46,4,50,No,2053,No,No,,No,,,
District of Arizona,AZ,Scott H. Rash,2020,Trump,R,1963,60,3,63,No,2040,No,No,,No,,,
District of Arizona,AZ,John C. Hinderaker,2020,Trump,R,1968,55,3,58,No,2045,No,No,,No,,,
District of Nevada,NV,Miranda Du,2012,Obama,D,1969,54,11,65,No,2038,No,No,,Yes,,,
District of Nevada,NV,Gloria Navarro,2010,Obama,D,1967,56,13,69,No,2034,No,No,,No,,,
District of Nevada,NV,Andrew P. Gordon,2013,Obama,D,1962,61,10,71,No,2032,No,No,,No,,,
District of Nevada,NV,Jennifer A. Dorsey,2013,Obama,D,1971,52,10,62,No,2041,No,No,,No,,,
District of Nevada,NV,Richard F. Boulware,2014,Obama,D,1968,55,9,64,No,2039,No,No,,No,,,
District of Nevada,NV,Anne Traum,2022,Biden,D,1969,54,1,55,No,2048,No,No,,No,,,
District of Nevada,NV,Cristina D. Silva,2022,Biden,D,1979,44,1,45,No,2058,No,No,,No,,,
Southern District of California,CA-S,Dana Sabraw,2003,G.W. Bush,R,1958,65,20,85,No,2023,No,No,,Yes,,,
Southern District of California,CA-S,Janis Lynn Sammartino,2007,G.W. Bush,R,1950,73,16,89,Yes,2015,No,No,,No,,,
Southern District of California,CA-S,Cathy Ann Bencivengo,2012,Obama,D,1958,65,11,76,No,2027,No,No,,No,,,
Southern District of California,CA-S,Cynthia Bashant,2014,Obama,D,1960,63,9,72,No,2031,No,No,,No,,,
Southern District of California,CA-S,Todd W. Robinson,2020,Trump,R,1967,56,3,59,No,2044,No,No,,No,,,
Southern District of California,CA-S,Linda Lopez,2021,Biden,D,1968,55,2,57,No,2046,No,No,,No,,,
Southern District of California,CA-S,Jinsook Ohta,2021,Biden,D,1976,47,2,49,No,2054,No,No,,No,,,
Southern District of California,CA-S,Ruth Bermudez Montenegro,2022,Biden,D,1967,56,1,57,No,2046,No,No,,No,,,
Southern District of California,CA-S,Robert S. Huie,2022,Biden,D,1976,47,1,48,No,2055,No,No,,No,,,
Southern District of California,CA-S,Andrew G. Schopler,2023,Biden,D,1971,52,0,52,No,2051,No,No,,No,,,
Southern District of California,CA-S,James E. Simmons Jr.,2023,Biden,D,1979,44,0,44,No,2059,No,No,,No,,,
Central District of California,CA-C,Philip S. Gutierrez,2007,G.W. Bush,R,1959,64,16,80,No,2024,No,No,,Yes,,,
Central District of California,CA-C,Stephen Victor Wilson,1985,Reagan,R,1941,82,38,120,Yes,2006,No,No,,No,,,
Central District of California,CA-C,David O. Carter,1998,Clinton,D,1944,79,25,104,Yes,2009,No,No,,No,,,
Central District of California,CA-C,Percy Anderson,2002,G.W. Bush,R,1948,75,21,96,Yes,2013,No,No,,No,,,
Central District of California,CA-C,John F. Walter,2002,G.W. Bush,R,1944,79,21,100,Yes,2009,No,No,,No,,,
Central District of California,CA-C,R. Gary Klausner,2002,G.W. Bush,R,1941,82,21,103,Yes,2006,No,No,,No,,,
Central District of California,CA-C,Cormac J. Carney,2003,G.W. Bush,R,1959,64,20,84,No,2024,No,No,,No,,,
Central District of California,CA-C,Dale S. Fischer,2003,G.W. Bush,R,1951,72,20,92,Yes,2016,No,No,,No,,,
Central District of California,CA-C,Otis D. Wright II,2007,G.W. Bush,R,1944,79,16,95,Yes,2009,No,No,,No,,,
Central District of California,CA-C,Dolly Gee,2010,Obama,D,1959,64,13,77,No,2026,No,No,,No,,,
Central District of California,CA-C,Josephine Staton,2010,Obama,D,1961,62,13,75,No,2028,No,No,,No,,,
Central District of California,CA-C,Michael W. Fitzgerald,2012,Obama,D,1959,64,11,75,No,2028,No,No,,No,,,
Central District of California,CA-C,Jesus Bernal,2012,Obama,D,1963,60,11,71,No,2032,No,No,,No,,,
Central District of California,CA-C,Fernando M. Olguin,2013,Obama,D,1961,62,10,72,No,2031,No,No,,No,,,
Central District of California,CA-C,André Birotte Jr.,2014,Obama,D,1966,57,9,66,No,2037,No,No,,No,,,
Central District of California,CA-C,Stanley Blumenfeld,2020,Trump,R,1962,61,3,64,No,2039,No,No,,No,,,
Central District of California,CA-C,John W. Holcomb,2020,Trump,R,1963,60,3,63,No,2040,No,No,,No,,,
Central District of California,CA-C,Mark C. Scarsi,2020,Trump,R,1964,59,3,62,No,2041,No,No,,No,,,
Central District of California,CA-C,Fernando L. Aenlle-Rocha,2020,Trump,R,1961,62,3,65,No,2038,No,No,,No,,,
Central District of California,CA-C,Maame Ewusi-Mensah Frimpong,2022,Biden,D,1976,47,1,48,No,2055,No,No,,No,,,
Central District of California,CA-C,Fred W. Slaughter,2022,Biden,D,1973,50,1,51,No,2052,No,No,,No,,,
Central District of California,CA-C,Sunshine Sykes,2022,Biden,D,1974,49,1,50,No,2053,No,No,,No,,,
Central District of California,CA-C,Sherilyn Peace Garnett,2022,Biden,D,1969,54,1,55,No,2048,No,No,,No,,,
Central District of California,CA-C,Wesley Hsu,2023,Biden,D,1971,52,0,52,No,2051,No,No,,No,,,
Central District of California,CA-C,Hernán D. Vera,2023,Biden,D,1970,53,0,53,No,2050,No,No,,No,,,
Central District of California,CA-C,Kenly Kiya Kato,2023,Biden,D,1972,51,0,51,No,2052,No,No,,No,,,
Central District of California,CA-C,Mónica Ramírez Almadani,2023,Biden,D,1979,44,0,44,No,2059,No,No,,No,,,
Northern District of California,CA-N,Richard Seeborg,2010,Obama,D,1956,67,13,80,No,2023,No,No,,Yes,,,
Northern District of California,CA-N,Edward Davila,2011,Obama,D,1952,71,12,83,Yes,2020,No,Yes,,No,,,
Northern District of California,CA-N,Yvonne Gonzalez Rogers,2011,Obama,D,1965,58,12,70,No,2033,No,No,,No,,,
Northern District of California,CA-N,Jon S. Tigar,2013,Obama,D,1962,61,10,71,No,2032,No,No,,No,,,
Northern District of California,CA-N,James Donato,2014,Obama,D,1960,63,9,72,No,2031,No,No,,No,,,
Northern District of California,CA-N,Beth Labson Freeman,2014,Obama,D,1953,70,9,79,No,2024,No,No,,No,,,
Northern District of California,CA-N,Vince Chhabria,2014,Obama,D,1969,54,9,63,No,2040,No,No,,No,,,
Northern District of California,CA-N,Haywood Gilliam,2014,Obama,D,1969,54,9,63,No,2040,No,No,,No,,,
Northern District of California,CA-N,Jacqueline Scott Corley,2022,Biden,D,1966,57,1,58,No,2045,No,No,,No,,,
Northern District of California,CA-N,Trina Thompson,2022,Biden,D,1961,62,1,63,No,2040,No,No,,No,,,
Northern District of California,CA-N,Araceli Martínez-Olguín,2023,Biden,D,1977,46,0,46,No,2057,No,No,,No,,,
Northern District of California,CA-N,P. Casey Pitts,2023,Biden,D,1980,43,0,43,No,2060,No,No,,No,,,
Northern District of California,CA-N,Rita F. Lin,2023,Biden,D,1978,45,0,45,No,2058,No,No,,No,,,
Eastern District of California,CA-E,Kimberly J. Mueller,2010,Obama,D,1957,66,13,79,No,2024,No,No,,Yes,,,
Eastern District of California,CA-E,Troy L. Nunley,2013,Obama,D,1964,59,10,69,No,2034,No,No,,No,,,
Eastern District of California,CA-E,Dale A. Drozd,2015,Obama,D,1955,68,8,76,No,2027,No,No,,No,,,
Eastern District of California,CA-E,Jennifer L. Thurston,2021,Biden,D,1967,56,2,58,No,2045,No,No,,No,,,
Eastern District of California,CA-E,Daniel Calabretta,2023,Biden,D,1978,45,0,45,No,2058,No,No,,No,,,
District of Oregon,OR,Marco A. Hernandez,2011,Obama,D,1957,66,12,78,No,2025,No,Yes,,Yes,,,
District of Oregon,OR,Michael H. Simon,2011,Obama,D,1956,67,12,79,No,2024,No,No,,No,,,
District of Oregon,OR,Michael J. McShane,2013,Obama,D,1961,62,10,72,No,2031,No,No,,No,,,
District of Oregon,OR,Karin Immergut,2019,Trump,R,1960,63,4,67,No,2036,No,No,,No,,,
District of Oregon,OR,Adrienne Nelson,2023,Biden,D,1967,56,0,56,No,2047,No,No,,No,,,
Eastern District of Washington,WA-E,Stanley Bastian,2014,Obama,D,1958,65,9,74,No,2029,No,No,,Yes,,,
Eastern District of Washington,WA-E,Thomas O. Rice,2012,Obama,D,1960,63,11,74,No,2029,No,No,,No,,,
Eastern District of Washington,WA-E,Mary K. Dimke,2021,Biden,D,1977,46,2,48,No,2055,No,No,,No,,,
Western District of Washington,WA-W,David Estudillo,2021,Biden,D,1973,50,2,52,No,2051,No,No,,Yes,,,
Western District of Washington,WA-W,Tana Lin,2021,Biden,D,1966,57,2,59,No,2044,No,No,,No,,,
Western District of Washington,WA-W,Lauren J. King,2021,Biden,D,1982,41,2,43,No,2060,No,No,,No,,,
Western District of Washington,WA-W,John H. Chun,2022,Biden,D,1970,53,1,54,No,2049,No,No,,No,,,
Western District of Washington,WA-W,Jamal Whitehead,2023,Biden,D,1979,44,0,44,No,2059,No,No,,No,,,
Western District of Washington,WA-W,Kymberly Evanson,2023,Biden,D,1977,46,0,46,No,2057,No,No,,No,,,
Western District of Washington,WA-W,Tiffany Cartwright,2023,Biden,D,1985,38,0,38,No,2065,No,No,,No,,,
District of Alaska,AK,Sharon L. Gleason,2012,Obama,D,1957,66,11,77,No,2026,No,No,,Yes,,,
District of Alaska,AK,Joshua Kindred,2020,Trump,R,1977,46,3,49,No,2054,No,No,,No,,,
District of Puerto Rico,PR,Raúl M. Arias-Marxuach,2019,Trump,R,1967,56,4,60,No,2043,No,No,,Yes,,,
District of Puerto Rico,PR,Aida Delgado-Colón,2006,G.W. Bush,R,1955,68,17,85,Yes,2020,No,No,,No,,,
District of Puerto Rico,PR,Pedro Delgado Hernández,2014,Obama,D,1956,67,9,76,No,2027,No,No,,No,,,
District of Puerto Rico,PR,Silvia Carreño-Coll,2020,Trump,R,1963,60,3,63,No,2040,No,No,,No,,,
District of Puerto Rico,PR,María del R. Antongiorgi-Jordán,2022,Biden,D,1967,56,1,57,No,2046,No,No,,No,,,
District of Puerto Rico,PR,Camille L. Vélez-Rivé,2022,Biden,D,1968,55,1,56,No,2047,No,No,,No,,,
District of Puerto Rico,PR,Gina R. Méndez-Miró,2023,Biden,D,1974,49,0,49,No,2054,No,No,,No,,,
District of the Northern Marinaras Islands,MP,Ramona Villagomez Manglona,2011,Obama,D,1974,49,12,61,No,2042,No,No,,No,,,
District of Hawaii,HI,Derrick Watson,2013,Obama,D,1966,57,10,67,No,2036,No,No,,No,,,
District of Hawaii,HI,John Michael Seabright,2005,G.W. Bush,R,1959,64,18,82,No,2024,No,No,,No,,,
District of Hawaii,HI,Leslie E. Kobayashi,2010,Obama,D,1957,66,13,79,No,2024,No,No,,No,,,
District of Hawaii,HI,Jill Otake,2018,Trump,R,1973,50,5,55,No,2048,No,No,,No,,,
District of Hawaii,HI,Micah W. J. Smith,2024,Biden,D,1981,42,-1,41,No,2062,No,No,,No,,,
District of Hawaii,HI,Shanlyn A. S. Park,2024,Biden,D,1969,54,-1,53,No,2050,No,No,,No,,,